{
  "per_model": {
    "XGBoost": {
      "best_threshold": 0.52,
      "balanced_accuracy": 0.6961072562624956,
      "auc_roc": 0.7245362486342802,
      "pr_auc": 0.7902119252082063,
      "confusion_matrix": [
        [
          25246,
          263
        ],
        [
          15241,
          10268
        ]
      ],
      "classification_report": {
        "0": {
          "precision": 0.623558179168622,
          "recall": 0.9896899133639108,
          "f1-score": 0.765076671313413,
          "support": 25509.0
        },
        "1": {
          "precision": 0.9750261133795461,
          "recall": 0.4025245991610804,
          "f1-score": 0.569811320754717,
          "support": 25509.0
        },
        "accuracy": 0.6961072562624956,
        "macro avg": {
          "precision": 0.7992921462740841,
          "recall": 0.6961072562624956,
          "f1-score": 0.667443996034065,
          "support": 51018.0
        },
        "weighted avg": {
          "precision": 0.7992921462740841,
          "recall": 0.6961072562624956,
          "f1-score": 0.667443996034065,
          "support": 51018.0
        }
      }
    },
    "LightGBM": {
      "best_threshold": 0.54,
      "balanced_accuracy": 0.7535183660668783,
      "auc_roc": 0.7580344579515712,
      "pr_auc": 0.826235452298964,
      "confusion_matrix": [
        [
          25508,
          1
        ],
        [
          12574,
          12935
        ]
      ],
      "classification_report": {
        "0": {
          "precision": 0.6698177616721811,
          "recall": 0.9999607981496726,
          "f1-score": 0.8022518909908635,
          "support": 25509.0
        },
        "1": {
          "precision": 0.9999226963512677,
          "recall": 0.507075933984084,
          "f1-score": 0.672909351020939,
          "support": 25509.0
        },
        "accuracy": 0.7535183660668784,
        "macro avg": {
          "precision": 0.8348702290117245,
          "recall": 0.7535183660668783,
          "f1-score": 0.7375806210059013,
          "support": 51018.0
        },
        "weighted avg": {
          "precision": 0.8348702290117245,
          "recall": 0.7535183660668784,
          "f1-score": 0.7375806210059012,
          "support": 51018.0
        }
      }
    },
    "CatBoost": {
      "best_threshold": 0.5,
      "balanced_accuracy": 0.7575757575757576,
      "auc_roc": 0.7599034705956409,
      "pr_auc": 0.8284176384822352,
      "confusion_matrix": [
        [
          25506,
          3
        ],
        [
          12365,
          13144
        ]
      ],
      "classification_report": {
        "0": {
          "precision": 0.6734968709566687,
          "recall": 0.9998823944490179,
          "f1-score": 0.8048595771536763,
          "support": 25509.0
        },
        "1": {
          "precision": 0.9997718110595573,
          "recall": 0.5152691207024972,
          "f1-score": 0.6800496688741722,
          "support": 25509.0
        },
        "accuracy": 0.7575757575757576,
        "macro avg": {
          "precision": 0.836634341008113,
          "recall": 0.7575757575757576,
          "f1-score": 0.7424546230139242,
          "support": 51018.0
        },
        "weighted avg": {
          "precision": 0.836634341008113,
          "recall": 0.7575757575757576,
          "f1-score": 0.7424546230139242,
          "support": 51018.0
        }
      }
    }
  },
  "ensemble": {
    "threshold": 0.5,
    "balanced_accuracy": 0.7579677760790309,
    "auc_roc": 0.7623453298633157,
    "pr_auc": 0.8301646566881469,
    "confusion_matrix": [
      [
        25474,
        35
      ],
      [
        12313,
        13196
      ]
    ],
    "classification_report": {
      "0": {
        "precision": 0.6741471934792389,
        "recall": 0.9986279352385432,
        "f1-score": 0.8049165824064712,
        "support": 25509.0
      },
      "1": {
        "precision": 0.9973546973017913,
        "recall": 0.5173076169195187,
        "f1-score": 0.681259679917398,
        "support": 25509.0
      },
      "accuracy": 0.7579677760790309,
      "macro avg": {
        "precision": 0.8357509453905151,
        "recall": 0.7579677760790309,
        "f1-score": 0.7430881311619346,
        "support": 51018.0
      },
      "weighted avg": {
        "precision": 0.835750945390515,
        "recall": 0.7579677760790309,
        "f1-score": 0.7430881311619347,
        "support": 51018.0
      }
    }
  }
}